<?xml version="1.0" encoding="utf-8"?>
<!--/670292/1482140/2.50/2/2/Undefined or Miscellaneous/-->
<quadcept_library>
  <setting unit="mil" />
  <textstyle name="Default" height="47.244094488189" strokewidth="7.8740157480315" charwidth="47.244094488189" />
  <textstyle name="Dimension" height="19.6850393700787" strokewidth="0" charwidth="19.6850393700787" />
  <textstyle name="H127W0635TH00762" height="50" strokewidth="3" charwidth="25" />
  <textstyle name="H15W15TH02" height="59.0551181102362" strokewidth="7.8740157480315" charwidth="59.0551181102362" />
  <padstyle name="c375_h250" surface="False" plated="True" isvia="False" nopaste="True" nomask="True" complex="False" holesize="98.425196850392">
    <padshape layer="TOP" shape="round" width="147.63779527559" height="147.63779527559" />
    <padshape layer="TOP_SOLDER_MASK" shape="round" width="155.51181102362" height="155.51181102362" />
    <padshape layer="INNER" shape="round" width="147.63779527559" height="147.63779527559" />
    <padshape layer="BOTTOM" shape="round" width="147.63779527559" height="147.63779527559" />
    <padshape layer="BOTTOM_SOLDER_MASK" shape="round" width="155.51181102362" height="155.51181102362" />
  </padstyle>
  <footprint name="01000057Z" originx="0" originy="0" pickpointx="0" pickpointy="0">
    <pcbpin number="1" name="1" style="c375_h250" originx="0" originy="0" rotation="90" />
    <pcbpin number="2" name="2" style="c375_h250" originx="196.85039370078" originy="0" rotation="90" />
    <line layer="TOP_ASSEMBLY" originx="-37.401574803149" originy="135.82677165354" endx="234.25196850393" endy="135.82677165354" width="7.8740157480314" />
    <line layer="TOP_ASSEMBLY" originx="234.25196850393" originy="135.82677165354" endx="234.25196850393" endy="-135.82677165354" width="7.8740157480314" />
    <line layer="TOP_ASSEMBLY" originx="234.25196850393" originy="-135.82677165354" endx="-37.401574803149" endy="-135.82677165354" width="7.8740157480314" />
    <line layer="TOP_ASSEMBLY" originx="-37.401574803149" originy="-135.82677165354" endx="-37.401574803149" endy="135.82677165354" width="7.8740157480314" />
    <line layer="TOP_PLACE_BOUND" originx="-113.18897637795" originy="175.1968503937" endx="310.03937007874" endy="175.1968503937" width="3.9370078740157" />
    <line layer="TOP_PLACE_BOUND" originx="310.03937007874" originy="175.1968503937" endx="310.03937007874" endy="-175.1968503937" width="3.9370078740157" />
    <line layer="TOP_PLACE_BOUND" originx="310.03937007874" originy="-175.1968503937" endx="-113.18897637795" endy="-175.1968503937" width="3.9370078740157" />
    <line layer="TOP_PLACE_BOUND" originx="-113.18897637795" originy="-175.1968503937" endx="-113.18897637795" endy="175.1968503937" width="3.9370078740157" />
    <line layer="TOP_SILKSCREEN" originx="-37.401574803149" originy="98.425196850392" endx="-37.401574803149" endy="118.11023622047" width="3.9370078740157" />
    <line layer="TOP_SILKSCREEN" originx="-37.401574803149" originy="118.11023622047" endx="-37.401574803149" endy="135.82677165354" width="3.9370078740157" />
    <line layer="TOP_SILKSCREEN" originx="-37.401574803149" originy="135.82677165354" endx="234.25196850393" endy="135.82677165354" width="3.9370078740157" />
    <line layer="TOP_SILKSCREEN" originx="234.25196850393" originy="135.82677165354" endx="234.25196850393" endy="98.425196850392" width="3.9370078740157" />
    <line layer="TOP_SILKSCREEN" originx="-37.401574803149" originy="-98.425196850392" endx="-37.401574803149" endy="-135.82677165354" width="3.9370078740157" />
    <line layer="TOP_SILKSCREEN" originx="-37.401574803149" originy="-135.82677165354" endx="234.25196850393" endy="-135.82677165354" width="3.9370078740157" />
    <line layer="TOP_SILKSCREEN" originx="234.25196850393" originy="-135.82677165354" endx="234.25196850393" endy="-98.425196850392" width="3.9370078740157" />
  </footprint>
  <symbol name="01000057Z" originx="0" originy="0">
    <line originx="200" originy="100" endx="600" endy="100" width="0" />
    <line originx="600" originy="-200" endx="600" endy="100" width="0" />
    <line originx="600" originy="-200" endx="200" endy="-200" width="0" />
    <line originx="200" originy="100" endx="200" endy="-200" width="0" />
    <sympin number="1" originx="200" originy="0" rotation="180" length="100" width="7.8740157480315" flipped="False">
      <text name="pinname" originx="230" originy="0" style="Default" rotation="0" justify="left" flipped="False" hidden="False" data="1" />
      <text name="pindes" originx="140" originy="20" style="Default" rotation="0" justify="lowerright" flipped="False" hidden="False" data="1" />
    </sympin>
    <sympin number="2" originx="200" originy="-100" rotation="180" length="100" width="7.8740157480315" flipped="False">
      <text name="pinname" originx="230" originy="-100" style="Default" rotation="0" justify="left" flipped="False" hidden="False" data="2" />
      <text name="pindes" originx="140" originy="-80" style="Default" rotation="0" justify="lowerright" flipped="False" hidden="False" data="2" />
    </sympin>
  </symbol>
  <component name="01000057Z" designatorprefix="U" height="279.52755905511" footprint="01000057Z">
    <comppin designator="1" sympin="1" pinswap="0" gateswap="0" gate="1" group="1" side="" type="Any" name="1" />
    <comppin designator="2" sympin="2" pinswap="0" gateswap="0" gate="1" group="1" side="" type="Any" name="2" />
    <attached_symbol gate="1" name="01000057Z" />
    <pinmap designator="1" footprintpin="1" />
    <pinmap designator="2" footprintpin="2" />
    <text name="Datasheet" originx="0" originy="0" style="Default" rotation="0" justify="" flipped="False" hidden="True" data="" />
    <text name="Description" originx="0" originy="0" style="Default" rotation="0" justify="" flipped="False" hidden="True" data="Littelfuse 100_57 Fuse Clip Blade Fuse" />
    <text name="Farnell Part Number" originx="0" originy="0" style="Default" rotation="0" justify="" flipped="False" hidden="True" data="" />
    <text name="Farnell Price/Stock" originx="0" originy="0" style="Default" rotation="0" justify="" flipped="False" hidden="True" data="" />
    <text name="Manufacturer_Name" originx="0" originy="0" style="Default" rotation="0" justify="" flipped="False" hidden="True" data="LITTELFUSE" />
    <text name="Manufacturer_Part_Number" originx="650" originy="200" style="Default" rotation="0" justify="left" flipped="False" hidden="False" data="01000057Z" />
  </component>
</quadcept_library>
