<?xml version="1.0" encoding="utf-8"?>
<!--/19060303/1482140/2.50/5/4/Relay or Contactor/-->
<quadcept_library>
  <setting unit="mil" />
  <textstyle name="Default" height="47.244094488189" strokewidth="7.8740157480315" charwidth="47.244094488189" />
  <textstyle name="Dimension" height="19.6850393700787" strokewidth="0" charwidth="19.6850393700787" />
  <textstyle name="H127W0635TH00762" height="50" strokewidth="3" charwidth="25" />
  <textstyle name="H15W15TH02" height="59.0551181102362" strokewidth="7.8740157480315" charwidth="59.0551181102362" />
  <padstyle name="c200_h140" surface="False" plated="True" isvia="False" nopaste="True" nomask="True" complex="False" holesize="55.11811023622">
    <padshape layer="TOP" shape="round" width="78.740157480314" height="78.740157480314" />
    <padshape layer="TOP_SOLDER_MASK" shape="round" width="86.614173228345" height="86.614173228345" />
    <padshape layer="INNER" shape="round" width="78.740157480314" height="78.740157480314" />
    <padshape layer="BOTTOM" shape="round" width="78.740157480314" height="78.740157480314" />
    <padshape layer="BOTTOM_SOLDER_MASK" shape="round" width="86.614173228345" height="86.614173228345" />
  </padstyle>
  <padstyle name="s130_h81" surface="False" plated="True" isvia="False" nopaste="True" nomask="True" complex="False" holesize="31.889763779527">
    <padshape layer="TOP" shape="square" width="51.181102362204" height="51.181102362204" />
    <padshape layer="TOP_SOLDER_MASK" shape="square" width="59.055118110235" height="59.055118110235" />
    <padshape layer="INNER" shape="square" width="51.181102362204" height="51.181102362204" />
    <padshape layer="BOTTOM" shape="square" width="51.181102362204" height="51.181102362204" />
    <padshape layer="BOTTOM_SOLDER_MASK" shape="square" width="59.055118110235" height="59.055118110235" />
  </padstyle>
  <padstyle name="c130_h81" surface="False" plated="True" isvia="False" nopaste="True" nomask="True" complex="False" holesize="31.889763779527">
    <padshape layer="TOP" shape="round" width="51.181102362204" height="51.181102362204" />
    <padshape layer="TOP_SOLDER_MASK" shape="round" width="59.055118110235" height="59.055118110235" />
    <padshape layer="INNER" shape="round" width="51.181102362204" height="51.181102362204" />
    <padshape layer="BOTTOM" shape="round" width="51.181102362204" height="51.181102362204" />
    <padshape layer="BOTTOM_SOLDER_MASK" shape="round" width="59.055118110235" height="59.055118110235" />
  </padstyle>
  <footprint name="13932806" originx="0" originy="0" pickpointx="0" pickpointy="0">
    <pcbpin number="1" name="1" style="s130_h81" originx="0" originy="0" rotation="90" />
    <pcbpin number="2" name="2" style="c130_h81" originx="-295.27559055118" originy="259.84251968504" rotation="90" />
    <pcbpin number="3" name="3" style="c200_h140" originx="-275.5905511811" originy="-141.73228346457" rotation="90" />
    <pcbpin number="4" name="4" style="c200_h140" originx="39.370078740157" originy="-141.73228346457" rotation="90" />
    <pcbpin number="5" name="5" style="c200_h140" originx="-275.5905511811" originy="-23.622047244094" rotation="90" />
    <line layer="TOP_ASSEMBLY" originx="-362.99212598425" originy="312.20472440944" endx="109.44881889764" endy="312.20472440944" width="3.9370078740157" />
    <line layer="TOP_ASSEMBLY" originx="109.44881889764" originy="312.20472440944" endx="109.44881889764" endy="-195.66929133858" width="3.9370078740157" />
    <line layer="TOP_ASSEMBLY" originx="109.44881889764" originy="-195.66929133858" endx="-362.99212598425" endy="-195.66929133858" width="3.9370078740157" />
    <line layer="TOP_ASSEMBLY" originx="-362.99212598425" originy="-195.66929133858" endx="-362.99212598425" endy="312.20472440944" width="3.9370078740157" />
    <line layer="TOP_PLACE_BOUND" originx="-402.3622047244" originy="-235.03937007874" endx="148.81889763779" endy="-235.03937007874" width="3.9370078740157" />
    <line layer="TOP_PLACE_BOUND" originx="148.81889763779" originy="-235.03937007874" endx="148.81889763779" endy="351.5748031496" width="3.9370078740157" />
    <line layer="TOP_PLACE_BOUND" originx="148.81889763779" originy="351.5748031496" endx="-402.3622047244" endy="351.5748031496" width="3.9370078740157" />
    <line layer="TOP_PLACE_BOUND" originx="-402.3622047244" originy="351.5748031496" endx="-402.3622047244" endy="-235.03937007874" width="3.9370078740157" />
    <line layer="TOP_SILKSCREEN" originx="-362.99212598425" originy="-195.66929133858" endx="109.44881889764" endy="-195.66929133858" width="7.8740157480314" />
    <line layer="TOP_SILKSCREEN" originx="109.44881889764" originy="-195.66929133858" endx="109.44881889764" endy="312.20472440944" width="7.8740157480314" />
    <line layer="TOP_SILKSCREEN" originx="109.44881889764" originy="312.20472440944" endx="-362.99212598425" endy="312.20472440944" width="7.8740157480314" />
    <line layer="TOP_SILKSCREEN" originx="-362.99212598425" originy="312.20472440944" endx="-362.99212598425" endy="-195.66929133858" width="7.8740157480314" />
    <line layer="TOP_SILKSCREEN" originx="125.9842519685" originy="0" endx="125.9842519685" endy="0" width="7.8740157480314" />
    <arc layer="TOP_SILKSCREEN" originx="127.95275590551" originy="0" startangle="-180.0" sweepangle="180.0" radius="1.9685039370079" width="7.8740157480314" />
    <line layer="TOP_SILKSCREEN" originx="129.92125984252" originy="0" endx="129.92125984252" endy="0" width="7.8740157480314" />
    <arc layer="TOP_SILKSCREEN" originx="127.95275590551" originy="0" startangle=".0" sweepangle="180.0" radius="1.9685039370079" width="7.8740157480314" />
    <line layer="TOP_SILKSCREEN" originx="125.9842519685" originy="0" endx="125.9842519685" endy="0" width="7.8740157480314" />
    <arc layer="TOP_SILKSCREEN" originx="127.95275590551" originy="0" startangle="-180.0" sweepangle="180.0" radius="1.9685039370079" width="7.8740157480314" />
  </footprint>
  <symbol name="1393280-6" originx="0" originy="0">
    <line originx="200" originy="100" endx="1000" endy="100" width="0" />
    <line originx="1000" originy="-300" endx="1000" endy="100" width="0" />
    <line originx="1000" originy="-300" endx="200" endy="-300" width="0" />
    <line originx="200" originy="100" endx="200" endy="-300" width="0" />
    <sympin number="1" originx="200" originy="0" rotation="180" length="100" width="7.8740157480315" flipped="False">
      <text name="pinname" originx="230" originy="0" style="Default" rotation="0" justify="left" flipped="False" hidden="False" data="COIL_1" />
      <text name="pindes" originx="140" originy="20" style="Default" rotation="0" justify="lowerright" flipped="False" hidden="False" data="1" />
    </sympin>
    <sympin number="2" originx="200" originy="-100" rotation="180" length="100" width="7.8740157480315" flipped="False">
      <text name="pinname" originx="230" originy="-100" style="Default" rotation="0" justify="left" flipped="False" hidden="False" data="COIL_2" />
      <text name="pindes" originx="140" originy="-80" style="Default" rotation="0" justify="lowerright" flipped="False" hidden="False" data="2" />
    </sympin>
    <sympin number="3" originx="200" originy="-200" rotation="180" length="100" width="7.8740157480315" flipped="False">
      <text name="pinname" originx="230" originy="-200" style="Default" rotation="0" justify="left" flipped="False" hidden="False" data="NC" />
      <text name="pindes" originx="140" originy="-180" style="Default" rotation="0" justify="lowerright" flipped="False" hidden="False" data="3" />
    </sympin>
    <sympin number="4" originx="1000" originy="0" rotation="0" length="100" width="7.8740157480315" flipped="False">
      <text name="pinname" originx="970" originy="0" style="Default" rotation="0" justify="right" flipped="False" hidden="False" data="COM" />
      <text name="pindes" originx="1060" originy="20" style="Default" rotation="0" justify="lowerleft" flipped="False" hidden="False" data="4" />
    </sympin>
    <sympin number="5" originx="1000" originy="-100" rotation="0" length="100" width="7.8740157480315" flipped="False">
      <text name="pinname" originx="970" originy="-100" style="Default" rotation="0" justify="right" flipped="False" hidden="False" data="NO" />
      <text name="pindes" originx="1060" originy="-80" style="Default" rotation="0" justify="lowerleft" flipped="False" hidden="False" data="5" />
    </sympin>
  </symbol>
  <component name="1393280-6" designatorprefix="K" height="397.63779527559" footprint="13932806">
    <comppin designator="1" sympin="1" pinswap="0" gateswap="0" gate="1" group="1" side="" type="Any" name="COIL_1" />
    <comppin designator="2" sympin="2" pinswap="0" gateswap="0" gate="1" group="1" side="" type="Any" name="COIL_2" />
    <comppin designator="3" sympin="3" pinswap="0" gateswap="0" gate="1" group="1" side="" type="Any" name="NC" />
    <comppin designator="4" sympin="4" pinswap="0" gateswap="0" gate="1" group="1" side="" type="Any" name="COM" />
    <comppin designator="5" sympin="5" pinswap="0" gateswap="0" gate="1" group="1" side="" type="Any" name="NO" />
    <attached_symbol gate="1" name="1393280-6" />
    <pinmap designator="1" footprintpin="1" />
    <pinmap designator="2" footprintpin="2" />
    <pinmap designator="3" footprintpin="3" />
    <pinmap designator="4" footprintpin="4" />
    <pinmap designator="5" footprintpin="5" />
    <text name="Datasheet" originx="0" originy="0" style="Default" rotation="0" justify="" flipped="False" hidden="True" data="https://www.te.com/en/product-1393280-6.datasheet.pdf" />
    <text name="Description" originx="0" originy="0" style="Default" rotation="0" justify="" flipped="False" hidden="True" data="RELAY, AUTOMOTIVE, SPDT, 12VDC, 30A" />
    <text name="Farnell Part Number" originx="0" originy="0" style="Default" rotation="0" justify="" flipped="False" hidden="True" data="" />
    <text name="Farnell Price/Stock" originx="0" originy="0" style="Default" rotation="0" justify="" flipped="False" hidden="True" data="" />
    <text name="Manufacturer_Name" originx="0" originy="0" style="Default" rotation="0" justify="" flipped="False" hidden="True" data="TE Connectivity" />
    <text name="Manufacturer_Part_Number" originx="1050" originy="200" style="Default" rotation="0" justify="left" flipped="False" hidden="False" data="1393280-6" />
  </component>
</quadcept_library>
